{
    "portfolio": [
        "lr",
        "xgb",
        "rf",
        "svc"
    ],
    "max_batch_size": 100000,
    "max_imbalance_ratio": 100,
    "num_batches": 1,
    "population_prior": 0.1,
    "batch_priors": [
        0.1
    ],
    "decision_cutoff_raw": 0.13879657030954567,
    "decision_cutoff_proba": 0.0610177596286709,
    "decision_cutoff_rank": 0.8678671655753041,
    "decision_cutoff_logit": -2.733631602433352,
    "decision_cutoff_lift": 0.610177596286709
}