{
    "portfolio": [
        "lr",
        "xgb",
        "rf",
        "svc"
    ],
    "max_batch_size": 100000,
    "max_imbalance_ratio": 100,
    "num_batches": 1,
    "population_prior": 0.1,
    "batch_priors": [
        0.1
    ],
    "decision_cutoff_raw": 0.13356114099985877,
    "decision_cutoff_proba": 0.05785413563874431,
    "decision_cutoff_rank": 0.8610851262862488,
    "decision_cutoff_logit": -2.790235167897068,
    "decision_cutoff_lift": 0.5785413563874431
}