{
  "mode": "slow",
  "descriptor_types": [
    "chemeleon",
    "clamp",
    "morgan"
  ],
  "n_compounds": 120,
  "n_actives": 57,
  "ratio_actives": 0.475,
  "population_prior": 0.475,
  "portfolio": [
    "lr",
    "xgb",
    "rf",
    "svc"
  ],
  "num_batches": {
    "chemeleon": 1,
    "clamp": 1,
    "morgan": 1
  },
  "decision_cutoff_raw": 0.6170240887279791,
  "decision_cutoff_proba": 0.547466685473629,
  "decision_cutoff_rank": 0.6358543417366946,
  "oof_aucs": {
    "chemeleon": 0.7936507936507937,
    "clamp": 0.7969924812030075,
    "morgan": 0.772208298524088
  },
  "proxy_aucs": {
    "chemeleon": 0.7616262879420773,
    "clamp": 0.8131439710387078,
    "morgan": 0.767056530214425
  },
  "train_aucs": {
    "chemeleon": 0.9972152603731551,
    "clamp": 0.9983291562238932,
    "morgan": 0.9974937343358397
  },
  "quality_aucs": {
    "chemeleon": 0.5900863269284323,
    "clamp": 0.5956558061821218,
    "morgan": 0.5469228627123364
  },
  "active_descriptors": {
    "chemeleon": true,
    "clamp": true,
    "morgan": true
  },
  "ad_hard_cutoffs": {
    "chemeleon": 0.05450000241398811,
    "clamp": 0.05450000241398811,
    "morgan": 0.05450000241398811
  },
  "rank_error_curves": {
    "chemeleon": [
      [
        0.03236073153221636,
        0.0681855874908927,
        0.08938403583000877,
        0.12083725454995575,
        0.16015406104996005,
        0.18329962177140843,
        0.19976560683097205,
        0.22887767376283535,
        0.31040990536731916,
        0.38742745245262983,
        0.4670593972837975,
        0.5097355649109516,
        0.6622762794434733,
        0.7789749404188124,
        0.8314820472109239,
        0.8841374184998422,
        0.9127948446990519,
        0.9413430366223774,
        0.9608127517466646,
        0.9782507264087699
      ],
      [
        0.24573612435415831,
        0.2638014453303906,
        0.276831845616158,
        0.287283290897725,
        0.30468279946493254,
        0.30752508555702507,
        0.309551934565049,
        0.33025450266959794,
        0.36862532827996686,
        0.40061314828209105,
        0.5111141989836866,
        0.5018467922815812,
        0.4435555230794681,
        0.3757284062616796,
        0.3369118710296234,
        0.3128950460232169,
        0.2991161562814527,
        0.29022760013603016,
        0.2825974124260915,
        0.2763911658477141
      ]
    ],
    "clamp": [
      [
        0.05903421407475426,
        0.07953816212244064,
        0.11410335867735265,
        0.13244006176349937,
        0.1629424065310598,
        0.18002025387352405,
        0.23326395705956,
        0.26840416470259576,
        0.2903423099071401,
        0.3068263493685923,
        0.41036637851501895,
        0.5432371677909953,
        0.620108462635163,
        0.7159137641025544,
        0.7814624200685177,
        0.8303069494087513,
        0.8753191486500355,
        0.9027908670356048,
        0.9255952483413538,
        0.9561683265343586
      ],
      [
        0.2589126478771707,
        0.25840088211186607,
        0.2719798177636023,
        0.2845051692619091,
        0.30336796147159356,
        0.306770398226199,
        0.3167921782413362,
        0.3390436222600103,
        0.3530869688649543,
        0.3627241470901627,
        0.49828058655172625,
        0.49599983010196397,
        0.4429345687858962,
        0.400135168544525,
        0.3589863521836349,
        0.3399695851435535,
        0.32487650979933674,
        0.30745907916353865,
        0.30598661148133294,
        0.30098567961612765
      ]
    ],
    "morgan": [
      [
        0.006220495255982713,
        0.032057472742643825,
        0.08618085167187857,
        0.10367984208411202,
        0.14003047110506314,
        0.1685295749327453,
        0.18932777430982395,
        0.24716002548788862,
        0.30398765454582893,
        0.35199629574661534,
        0.4253732278142883,
        0.5492724514712538,
        0.6675344075715373,
        0.7473940282259145,
        0.8359819008406653,
        0.866281075370611,
        0.9037632739155198,
        0.9306162848270347,
        0.9482060281614602,
        0.9992996699225094
      ],
      [
        0.26242227021518094,
        0.26953385307984823,
        0.2834409082605585,
        0.2896213424335278,
        0.30076278249753924,
        0.3108222445105157,
        0.32249094009393897,
        0.3468160087711067,
        0.37189762416137545,
        0.38809138312413716,
        0.4913996756710057,
        0.47596028094907156,
        0.43630655301202453,
        0.3937022139972418,
        0.3528761114677322,
        0.3362458895250694,
        0.3208236401147976,
        0.3117909248267527,
        0.3047004593684152,
        0.2921422235279425
      ]
    ]
  },
  "decision_cutoff_logit": 0.19044022769670127,
  "decision_cutoff_lift": 1.152561443102377
}