{
  "n_components": 45,
  "n_features_in": 2048,
  "n_cal_knots": 200,
  "cal_min": 2.9222426414489746,
  "cal_max": 31.92352294921875,
  "scaler": "standard"
}