{
  "n_components": 45,
  "n_features_in": 2048,
  "n_cal_knots": 200,
  "cal_min": 2.8578124046325684,
  "cal_max": 31.74853515625,
  "scaler": "standard"
}