{
    "portfolio": [
        "xgb",
        "rf",
        "svc"
    ],
    "max_batch_size": 100000,
    "max_imbalance_ratio": 100,
    "num_batches": 1,
    "population_prior": 0.39152759948652116,
    "batch_priors": [
        0.39152759948652116
    ],
    "decision_cutoff_raw": 0.44784415609848344,
    "decision_cutoff_proba": 0.3776884283088853,
    "decision_cutoff_rank": 0.5561268209083119,
    "decision_cutoff_logit": -0.4993712944442846,
    "decision_cutoff_lift": 0.9646533955823662
}