{
    "portfolio": [
        "lr",
        "xgb",
        "rf",
        "svc"
    ],
    "max_batch_size": 100000,
    "max_imbalance_ratio": 100,
    "num_batches": 1,
    "population_prior": 0.1,
    "batch_priors": [
        0.1
    ],
    "decision_cutoff_raw": 0.21640111294877568,
    "decision_cutoff_proba": 0.07159391789803403,
    "decision_cutoff_rank": 0.8713751169317119,
    "decision_cutoff_logit": -2.5624591007438946,
    "decision_cutoff_lift": 0.7159391789803402
}