{
    "portfolio": [
        "lr",
        "xgb",
        "rf",
        "svc"
    ],
    "max_batch_size": 100000,
    "max_imbalance_ratio": 100,
    "num_batches": 1,
    "population_prior": 0.1,
    "batch_priors": [
        0.1
    ],
    "decision_cutoff_raw": 0.2614433241719648,
    "decision_cutoff_proba": 0.08219000082466142,
    "decision_cutoff_rank": 0.8746492048643592,
    "decision_cutoff_logit": -2.4129567464288204,
    "decision_cutoff_lift": 0.8219000082466141
}