{
  "task": "classification",
  "format": "onnx",
  "preset_name": "heuristic",
  "use_linear": false,
  "n_features_in": 503,
  "classes": [
    0,
    1
  ],
  "params": {
    "C": 0.34641,
    "class_weight": "balanced",
    "max_iter": 5000,
    "tol": 0.001,
    "random_state": 42,
    "use_linear": false,
    "kernel": "rbf",
    "gamma": "scale"
  },
  "profile": {
    "n_samples": 120,
    "n_features": 503,
    "n_p_ratio": 0.23856858846918488,
    "sparsity": 0.930168986083499,
    "is_sparse_counts": false,
    "binary_feature_fraction": 0.8131212723658051,
    "feature_signal_strength": 0.10737667672053244,
    "feature_signal_p90": 0.2029775686461286,
    "task": "classification",
    "imbalance_ratio": 1.105263157894737,
    "y_skewness": 0.0,
    "y_all_positive": false
  },
  "portfolio_scores": {},
  "decision_cutoff_raw": 0.5209023154552314,
  "decision_cutoff_raw_source": "oof_balanced_accuracy",
  "decision_cutoff_proba": 0.49532103653537285,
  "decision_cutoff_rank": 0.5798319327731092,
  "decision_cutoff_logit": -0.018716400207958114,
  "calibrator": {
    "method": "platt",
    "coef": 2.221675721639693,
    "intercept": -1.1759924278007465
  },
  "ranker": {
    "knots": [
      0.2612741308776731,
      0.26757625627329684,
      0.2715555318950387,
      0.27814257682251814,
      0.2830243759372415,
      0.2925678791957926,
      0.29315882485476,
      0.2962873900651752,
      0.29629018413950053,
      0.30322905933122896,
      0.3042745404945402,
      0.30589177475234897,
      0.30640676593380056,
      0.3086735088093248,
      0.3096831030768406,
      0.3114658269027728,
      0.3127986562036051,
      0.3128112366599497,
      0.3157408323183204,
      0.319310442590733,
      0.32633894726190493,
      0.3267245219414413,
      0.33168898717525525,
      0.3355916703038837,
      0.3357717894333499,
      0.3378478535257463,
      0.34067409341705734,
      0.3424615243980386,
      0.3447921221161867,
      0.35284274289436074,
      0.35431998341095894,
      0.3551007004917448,
      0.36400968141072754,
      0.3659483171612805,
      0.3662194551544202,
      0.37102435154447333,
      0.3712543272351252,
      0.376409876228784,
      0.3873725176350166,
      0.398538077316865,
      0.4009564396315145,
      0.40212247391263656,
      0.40847351711174834,
      0.4087997648468572,
      0.41935343981788675,
      0.4202870343979855,
      0.42272437990869727,
      0.4408113897993905,
      0.44425811919351144,
      0.45008620398481375,
      0.45129065093842374,
      0.4533019521958879,
      0.4606106150742461,
      0.46843162883024475,
      0.46981345752765796,
      0.46992142457860697,
      0.47177786690548856,
      0.48018854913867903,
      0.4817184977607563,
      0.4840796975017914,
      0.48675288344802786,
      0.489209738323961,
      0.4892789602032344,
      0.48955576385693056,
      0.490645936077652,
      0.5040254434123792,
      0.5046265570614954,
      0.510582212930569,
      0.5106161626043896,
      0.5209023154552314,
      0.5285787229773106,
      0.5418954205098336,
      0.5459075352466589,
      0.5483161893264447,
      0.5510332373229633,
      0.5520958779585071,
      0.5554982678624583,
      0.5574610646423179,
      0.5576237517512502,
      0.5588602121982645,
      0.5596742614059584,
      0.5742606445394117,
      0.5760605054894655,
      0.5772915037091195,
      0.584109842090963,
      0.5879742167528565,
      0.5893409781417209,
      0.59032833234714,
      0.5923813314681708,
      0.5937261392132492,
      0.5938754619094805,
      0.5951808613080909,
      0.5967374938120327,
      0.6005284340951896,
      0.6009780375792714,
      0.6126903127894958,
      0.6178546031346046,
      0.6236707495623285,
      0.6245485748063899,
      0.6248185860727477,
      0.6269983944156583,
      0.6309826308818389,
      0.6331023053961091,
      0.6347829099754768,
      0.64319623385043,
      0.6504243076640063,
      0.6547570456786399,
      0.6738872723988768,
      0.6811255339399533,
      0.6842567838559322,
      0.6850241946385454,
      0.7081106445439328,
      0.7083353520714482,
      0.7105784213724612,
      0.7108147434553346,
      0.7126150246242561,
      0.7170088027660092,
      0.7234419260061672,
      0.7300956823746741,
      0.7301696458431433
    ]
  }
}