{
  "task": "classification",
  "format": "onnx",
  "preset_name": "heuristic",
  "best_iteration": 579,
  "params": {
    "tree_method": "hist",
    "device": "cpu",
    "learning_rate": 0.1,
    "n_estimators": 2000,
    "early_stopping_rounds": 50,
    "max_depth": 3,
    "min_child_weight": 1,
    "subsample": 1.0,
    "colsample_bytree": 0.5,
    "colsample_bynode": 0.089,
    "reg_alpha": 0.3,
    "reg_lambda": 2.125,
    "gamma": 0.05,
    "max_bin": 128,
    "nthread": 64,
    "objective": "binary:logistic",
    "scale_pos_weight": 1.1053,
    "eval_metric": "auc"
  },
  "profile": {
    "n_samples": 120,
    "n_features": 503,
    "n_p_ratio": 0.23856858846918488,
    "sparsity": 0.930168986083499,
    "is_sparse_counts": false,
    "binary_feature_fraction": 0.8131212723658051,
    "feature_signal_strength": 0.10737667672053244,
    "feature_signal_p90": 0.2029775686461286,
    "task": "classification",
    "imbalance_ratio": 1.105263157894737,
    "y_skewness": 0.0,
    "y_all_positive": false
  },
  "portfolio_scores": {},
  "decision_cutoff_raw": 0.7133477330207825,
  "decision_cutoff_raw_source": "oof_balanced_accuracy",
  "decision_cutoff_proba": 0.5980418010091656,
  "decision_cutoff_rank": 0.6974789915966386,
  "decision_cutoff_logit": 0.3973125522581757,
  "calibrator": {
    "method": "platt",
    "coef": 2.3263393626130866,
    "intercept": -1.2621763582988816
  },
  "ranker": {
    "knots": [
      0.04598284512758255,
      0.06155341863632202,
      0.0648965984582901,
      0.06665931642055511,
      0.07345887273550034,
      0.0764387995004654,
      0.07765581458806992,
      0.0789637640118599,
      0.08317161351442337,
      0.09172096848487854,
      0.09395431727170944,
      0.0948781818151474,
      0.09644483029842377,
      0.1003914475440979,
      0.10726626217365265,
      0.10827517509460449,
      0.12256437540054321,
      0.12348568439483643,
      0.12443502247333527,
      0.13625329732894897,
      0.13699862360954285,
      0.14249855279922485,
      0.14919228851795197,
      0.14924967288970947,
      0.15036970376968384,
      0.16365967690944672,
      0.16523492336273193,
      0.1660775989294052,
      0.18083663284778595,
      0.18350088596343994,
      0.19266298413276672,
      0.20856422185897827,
      0.2204207330942154,
      0.23790457844734192,
      0.24355332553386688,
      0.2523677349090576,
      0.2637733221054077,
      0.26849234104156494,
      0.27627646923065186,
      0.28195279836654663,
      0.29719221591949463,
      0.2973175346851349,
      0.3106703460216522,
      0.3157495856285095,
      0.3173927962779999,
      0.3213844299316406,
      0.33091557025909424,
      0.3411804735660553,
      0.3465453088283539,
      0.3704967498779297,
      0.38136884570121765,
      0.3820608854293823,
      0.3926537036895752,
      0.4031582176685333,
      0.4182330071926117,
      0.4551393687725067,
      0.46443942189216614,
      0.5107637047767639,
      0.5137710571289062,
      0.5228027105331421,
      0.5263580679893494,
      0.5315495729446411,
      0.5371500849723816,
      0.5404186844825745,
      0.5466170310974121,
      0.5469830632209778,
      0.5683971047401428,
      0.5710160732269287,
      0.5753990411758423,
      0.5773807764053345,
      0.5872715711593628,
      0.5971361994743347,
      0.6017163991928101,
      0.6078266501426697,
      0.6214052438735962,
      0.629658579826355,
      0.6439537405967712,
      0.6570499539375305,
      0.6619110703468323,
      0.6644507646560669,
      0.6809873580932617,
      0.697705864906311,
      0.7025651335716248,
      0.7133477330207825,
      0.7190397381782532,
      0.7464560270309448,
      0.7488118410110474,
      0.7505044937133789,
      0.759073793888092,
      0.7704309821128845,
      0.7812018394470215,
      0.7833003401756287,
      0.8183784484863281,
      0.82780921459198,
      0.8339919447898865,
      0.8351220488548279,
      0.838302493095398,
      0.8424745798110962,
      0.8509998917579651,
      0.8650573492050171,
      0.8694836497306824,
      0.8788917660713196,
      0.8825142979621887,
      0.889190137386322,
      0.8903281688690186,
      0.894706666469574,
      0.9007441997528076,
      0.9100866317749023,
      0.9346958994865417,
      0.9359918832778931,
      0.9419164657592773,
      0.9423561096191406,
      0.9487459659576416,
      0.9492031931877136,
      0.9523504972457886,
      0.9528173804283142,
      0.9543322324752808,
      0.9572703838348389,
      0.9579380750656128,
      0.9594640731811523
    ]
  }
}