{
  "n_components": 45,
  "n_features_in": 2048,
  "n_cal_knots": 200,
  "cal_min": 2.4972312450408936,
  "cal_max": 10.857754707336426,
  "scaler": "standard"
}