{
  "n_components": 45,
  "n_features_in": 2048,
  "n_cal_knots": 200,
  "cal_min": 2.544628381729126,
  "cal_max": 10.857342720031738,
  "scaler": "standard"
}