{
  "n_components": 27,
  "n_features_in": 768,
  "n_cal_knots": 200,
  "cal_min": 2.8803892135620117,
  "cal_max": 11.58918571472168,
  "scaler": "standard"
}