{
  "n_components": 27,
  "n_features_in": 768,
  "n_cal_knots": 200,
  "cal_min": 2.8130533695220947,
  "cal_max": 10.754907608032227,
  "scaler": "standard"
}