{
    "portfolio": [
        "lr",
        "xgb",
        "rf",
        "svc"
    ],
    "max_batch_size": 100000,
    "max_imbalance_ratio": 100,
    "num_batches": 1,
    "population_prior": 0.45936395759717313,
    "batch_priors": [
        0.45936395759717313
    ],
    "decision_cutoff_raw": 0.5123913507256583,
    "decision_cutoff_proba": 0.48778775354298626,
    "decision_cutoff_rank": 0.5271226415094339,
    "decision_cutoff_logit": -0.0488587030225561,
    "decision_cutoff_lift": 1.0618764173281932
}