{
  "n_components": 45,
  "n_features_in": 2048,
  "n_cal_knots": 200,
  "cal_min": 2.7295877933502197,
  "cal_max": 28.518842697143555,
  "scaler": "standard"
}