{
  "mode": "slow",
  "descriptor_types": [
    "chemeleon",
    "clamp"
  ],
  "n_compounds": 849,
  "n_actives": 390,
  "ratio_actives": 0.45936395759717313,
  "population_prior": 0.45936395759717313,
  "portfolio": [
    "lr",
    "xgb",
    "rf",
    "svc"
  ],
  "num_batches": {
    "chemeleon": 1,
    "clamp": 1
  },
  "decision_cutoff_raw": 0.5175730068350191,
  "decision_cutoff_proba": 0.49376729310331713,
  "decision_cutoff_rank": 0.5330188679245282,
  "oof_aucs": {
    "chemeleon": 0.9027819674878498,
    "clamp": 0.8992514384671249
  },
  "proxy_aucs": {
    "chemeleon": 0.8366068934696387,
    "clamp": 0.8482878051505502
  },
  "train_aucs": {
    "chemeleon": 1.0,
    "clamp": 1.0
  },
  "quality_aucs": {
    "chemeleon": 0.8055639349756996,
    "clamp": 0.7985028769342497
  },
  "active_descriptors": {
    "chemeleon": true,
    "clamp": true
  },
  "ad_hard_cutoffs": {
    "chemeleon": 0.0520000085234642,
    "clamp": 0.0520000085234642
  },
  "rank_error_curves": {
    "chemeleon": [
      [
        0.008090613216352828,
        0.04749172681104295,
        0.08217367003854426,
        0.11116213024794425,
        0.13880627174996835,
        0.16691573901656773,
        0.19829319689547026,
        0.23548746629151057,
        0.2760492904038505,
        0.328178649018132,
        0.41917941653560614,
        0.7014264101852112,
        0.7586282009233922,
        0.7950652733774035,
        0.8240184201787304,
        0.8558451031154171,
        0.8822941813075138,
        0.9121423008171318,
        0.9434174277951043,
        0.996689103622311
      ],
      [
        0.08124763506440605,
        0.08692049279912875,
        0.09437715430447878,
        0.10549497318104714,
        0.11328443022620412,
        0.12079894125652468,
        0.13395278789397916,
        0.15274476464976813,
        0.17644178557521278,
        0.22050596274059298,
        0.33706262779255514,
        0.3191013866386991,
        0.2546255892063069,
        0.2128695494644583,
        0.18583536007899626,
        0.1685115884619422,
        0.15234095064049333,
        0.13953172989112964,
        0.12187447647510573,
        0.10243087255350383
      ]
    ],
    "clamp": [
      [
        0.005381830238662566,
        0.05609974392295697,
        0.08098395938103488,
        0.1020887704817648,
        0.12449770722820308,
        0.14717776317250242,
        0.1816377912659713,
        0.21433762449373445,
        0.25440891776387725,
        0.3020593825965751,
        0.421838024385612,
        0.7442259160009188,
        0.7961611331765839,
        0.8262166824452886,
        0.8606516699749078,
        0.881268984679382,
        0.9070088069981797,
        0.9307337531437119,
        0.9536851164792015,
        0.9947281731157902
      ],
      [
        0.07985944711686753,
        0.09013426876523582,
        0.09574275656755757,
        0.10261618121433785,
        0.1064234948645833,
        0.11512671782765582,
        0.12932309265298778,
        0.15243959942833882,
        0.1811488686013622,
        0.22721871779693883,
        0.35419977123704494,
        0.2799352645140431,
        0.2179487844852446,
        0.18545470343917234,
        0.1657992797378724,
        0.15242197493071433,
        0.1415171703220042,
        0.13117531771561997,
        0.12088377194486108,
        0.10829551808538097
      ]
    ]
  },
  "decision_cutoff_logit": -0.024932119012157025,
  "decision_cutoff_lift": 1.074893414986452
}