{
  "task": "classification",
  "format": "onnx",
  "preset_name": "heuristic",
  "use_linear": false,
  "n_features_in": 767,
  "classes": [
    0,
    1
  ],
  "params": {
    "C": 0.34641,
    "class_weight": "balanced",
    "max_iter": 5000,
    "tol": 0.001,
    "random_state": 42,
    "use_linear": false,
    "kernel": "rbf",
    "gamma": "scale"
  },
  "profile": {
    "n_samples": 120,
    "n_features": 767,
    "n_p_ratio": 0.15645371577574968,
    "sparsity": 0.0,
    "is_sparse_counts": false,
    "binary_feature_fraction": 0.0,
    "feature_signal_strength": 0.1479687525337925,
    "feature_signal_p90": 0.2898360466260068,
    "task": "classification",
    "imbalance_ratio": 1.105263157894737,
    "y_skewness": 0.0,
    "y_all_positive": false
  },
  "portfolio_scores": {},
  "decision_cutoff_raw": 0.6048090284982458,
  "decision_cutoff_raw_source": "oof_balanced_accuracy",
  "decision_cutoff_proba": 0.5489944199507163,
  "decision_cutoff_rank": 0.6638655462184874,
  "decision_cutoff_logit": 0.19660856539272256,
  "calibrator": {
    "method": "platt",
    "coef": 2.4444411992459303,
    "intercept": -1.2818115415442954
  },
  "ranker": {
    "knots": [
      0.2566525674836725,
      0.25759312572453485,
      0.2605940573983936,
      0.2675790186899313,
      0.26781274393526433,
      0.26787300042658396,
      0.26888075865461586,
      0.2700589127861066,
      0.27327883450986884,
      0.2735548251580081,
      0.273697264301255,
      0.2746720733537177,
      0.275435461112626,
      0.27837878102188063,
      0.27902357146764356,
      0.27993691420594097,
      0.2807189349720679,
      0.2825281770582797,
      0.2845248025880894,
      0.2853792345472266,
      0.286707803320264,
      0.2889044905119298,
      0.2893661540681166,
      0.2899161735050885,
      0.29027974449291727,
      0.2906823875997141,
      0.2920501052317195,
      0.29240167281124696,
      0.30603883169550117,
      0.3070276589900661,
      0.3071967369970937,
      0.30892150023013804,
      0.3118974349033369,
      0.31327854160267743,
      0.31581608580941506,
      0.326408632826823,
      0.33113932627963244,
      0.3314864051856512,
      0.33546401770273054,
      0.33551459982588266,
      0.3415833948597009,
      0.34215603928832006,
      0.3473654445684135,
      0.3628921814764757,
      0.36518565534564723,
      0.36693128471901904,
      0.36926377047595893,
      0.3700123529414434,
      0.3803138553606839,
      0.3808469147256083,
      0.38203840666456707,
      0.3907924306152696,
      0.3997048762669803,
      0.4065379417874076,
      0.408664462925542,
      0.41381427723729086,
      0.43724589673812153,
      0.438846681277232,
      0.44086804259190443,
      0.45473548481053633,
      0.4840073844599872,
      0.5120551107750066,
      0.5174047611658632,
      0.5258364392742375,
      0.5276384665499886,
      0.5395871136714363,
      0.5559872565429885,
      0.5596572927285866,
      0.5622034359706085,
      0.5634933647080277,
      0.5664027537224023,
      0.5708309791026035,
      0.571187519569484,
      0.5721725560157204,
      0.5751017119317818,
      0.5760209682212724,
      0.5902580724620027,
      0.5952588379586455,
      0.6024337975968911,
      0.6048090284982458,
      0.6055550178876347,
      0.6197403262842113,
      0.6241930774630916,
      0.6295912540934809,
      0.6304048272947682,
      0.6327760931973624,
      0.6384429141468088,
      0.6404119544038108,
      0.6436685351284147,
      0.6472320854400675,
      0.6485892566840016,
      0.6532637782901238,
      0.6605077222801623,
      0.6611319993135037,
      0.6636499159895446,
      0.6683453948933119,
      0.6750225959522038,
      0.6785099207603494,
      0.6846686347824686,
      0.686237987608963,
      0.686724612315922,
      0.6920875037099973,
      0.6950593725668743,
      0.6972168340605577,
      0.7011002568277555,
      0.7025317081083551,
      0.706661059236325,
      0.7070633444707479,
      0.7077799798530512,
      0.7077817440875565,
      0.7080217204415062,
      0.7101904712569487,
      0.7175903687770299,
      0.7189599845446173,
      0.7207203217079841,
      0.7228932588793271,
      0.7354209895754141,
      0.7356853184201764,
      0.7370733970746774,
      0.7411979666545335
    ]
  }
}