{
  "task": "classification",
  "format": "onnx",
  "preset_name": "heuristic",
  "best_iteration": 23,
  "params": {
    "tree_method": "hist",
    "device": "cpu",
    "learning_rate": 0.1,
    "n_estimators": 2000,
    "early_stopping_rounds": 50,
    "max_depth": 3,
    "min_child_weight": 1,
    "subsample": 1.0,
    "colsample_bytree": 0.5,
    "colsample_bynode": 0.072,
    "reg_alpha": 0.3,
    "reg_lambda": 2.125,
    "gamma": 0.05,
    "max_bin": 128,
    "nthread": 64,
    "objective": "binary:logistic",
    "scale_pos_weight": 1.1053,
    "eval_metric": "auc"
  },
  "profile": {
    "n_samples": 120,
    "n_features": 767,
    "n_p_ratio": 0.15645371577574968,
    "sparsity": 0.0,
    "is_sparse_counts": false,
    "binary_feature_fraction": 0.0,
    "feature_signal_strength": 0.1479687525337925,
    "feature_signal_p90": 0.2898360466260068,
    "task": "classification",
    "imbalance_ratio": 1.105263157894737,
    "y_skewness": 0.0,
    "y_all_positive": false
  },
  "portfolio_scores": {},
  "decision_cutoff_raw": 0.633884072303772,
  "decision_cutoff_raw_source": "oof_balanced_accuracy",
  "decision_cutoff_proba": 0.5528050727418963,
  "decision_cutoff_rank": 0.5966386554621849,
  "decision_cutoff_logit": 0.21201087042596706,
  "calibrator": {
    "method": "platt",
    "coef": 2.6870894098510654,
    "intercept": -1.4912923073347655
  },
  "ranker": {
    "knots": [
      0.013901078142225742,
      0.026777947321534157,
      0.027977490797638893,
      0.03181993216276169,
      0.03593893721699715,
      0.038559190928936005,
      0.042183686047792435,
      0.04633986949920654,
      0.04961426556110382,
      0.054429762065410614,
      0.05577578768134117,
      0.05646218731999397,
      0.05885593965649605,
      0.05933326855301857,
      0.06383581459522247,
      0.06618998944759369,
      0.06975701451301575,
      0.07927390187978745,
      0.08087329566478729,
      0.09847056865692139,
      0.10554373264312744,
      0.1059742197394371,
      0.11214601248502731,
      0.11651657521724701,
      0.12258265912532806,
      0.14259357750415802,
      0.17286261916160583,
      0.17390672862529755,
      0.20410194993019104,
      0.2067401111125946,
      0.20741607248783112,
      0.21478427946567535,
      0.23988552391529083,
      0.2523234784603119,
      0.2549607455730438,
      0.2766000032424927,
      0.2991907298564911,
      0.3013540208339691,
      0.30483418703079224,
      0.3306175768375397,
      0.3332550525665283,
      0.33804669976234436,
      0.3416992127895355,
      0.34969428181648254,
      0.35534560680389404,
      0.3591718375682831,
      0.3689194917678833,
      0.37539735436439514,
      0.381120890378952,
      0.3947908580303192,
      0.39623183012008667,
      0.4024096727371216,
      0.40375426411628723,
      0.42214274406433105,
      0.4353587031364441,
      0.43857645988464355,
      0.464767187833786,
      0.49298539757728577,
      0.49774405360221863,
      0.5129345059394836,
      0.5250380039215088,
      0.5376964211463928,
      0.5658093094825745,
      0.5712400078773499,
      0.5726351737976074,
      0.5751295685768127,
      0.5839508175849915,
      0.588887095451355,
      0.5963513255119324,
      0.6047359108924866,
      0.6294636726379395,
      0.633884072303772,
      0.6477938890457153,
      0.6561938524246216,
      0.6591036915779114,
      0.678024411201477,
      0.6844325065612793,
      0.6983343958854675,
      0.700659990310669,
      0.72834712266922,
      0.733588457107544,
      0.7531473636627197,
      0.7954191565513611,
      0.8005143404006958,
      0.801438570022583,
      0.813903272151947,
      0.8170849680900574,
      0.8296076655387878,
      0.83743816614151,
      0.8415433168411255,
      0.8447539806365967,
      0.8474221229553223,
      0.855239748954773,
      0.8566053509712219,
      0.8638122081756592,
      0.8679910898208618,
      0.8705748915672302,
      0.8807166814804077,
      0.8886281251907349,
      0.8909642100334167,
      0.899588406085968,
      0.9058584570884705,
      0.9075185656547546,
      0.908713698387146,
      0.9089385867118835,
      0.9175686240196228,
      0.9207554459571838,
      0.9261340498924255,
      0.9269518256187439,
      0.9395666718482971,
      0.9428268671035767,
      0.9474794864654541,
      0.9538289308547974,
      0.9598660469055176,
      0.9633471965789795,
      0.9639187455177307,
      0.9672099351882935,
      0.9674378633499146,
      0.9705589413642883,
      0.9708911180496216
    ]
  }
}