{
  "n_components": 27,
  "n_features_in": 768,
  "n_cal_knots": 200,
  "cal_min": 3.0561330318450928,
  "cal_max": 9.431792259216309,
  "scaler": "standard"
}