{
  "n_components": 27,
  "n_features_in": 768,
  "n_cal_knots": 200,
  "cal_min": 3.03116512298584,
  "cal_max": 9.426236152648926,
  "scaler": "standard"
}