{
  "n_components": 45,
  "n_features_in": 2048,
  "n_cal_knots": 200,
  "cal_min": 2.7486579418182373,
  "cal_max": 27.48296546936035,
  "scaler": "standard"
}