{
  "n_components": 27,
  "n_features_in": 768,
  "n_cal_knots": 200,
  "cal_min": 2.9380440711975098,
  "cal_max": 9.44094467163086,
  "scaler": "standard"
}