{
    "portfolio": [
        "lr",
        "xgb",
        "rf",
        "svc"
    ],
    "max_batch_size": 100000,
    "max_imbalance_ratio": 100,
    "num_batches": 1,
    "population_prior": 0.475,
    "batch_priors": [
        0.475
    ],
    "decision_cutoff_raw": 0.6394821515871965,
    "decision_cutoff_proba": 0.5593199040849395,
    "decision_cutoff_rank": 0.6596638655462184,
    "decision_cutoff_logit": 0.2384023825632669,
    "decision_cutoff_lift": 1.1775155875472412
}