{
  "n_components": 45,
  "n_features_in": 2048,
  "n_cal_knots": 200,
  "cal_min": 2.3721327781677246,
  "cal_max": 10.857534408569336,
  "scaler": "standard"
}