{
  "n_components": 45,
  "n_features_in": 2048,
  "n_cal_knots": 200,
  "cal_min": 2.3663439750671387,
  "cal_max": 10.857562065124512,
  "scaler": "standard"
}