{
  "mode": "slow",
  "descriptor_types": [
    "chemeleon",
    "rdkit",
    "clamp"
  ],
  "n_compounds": 779,
  "n_actives": 305,
  "ratio_actives": 0.39152759948652116,
  "population_prior": 0.39152759948652116,
  "portfolio": [
    "lr",
    "xgb",
    "rf",
    "svc"
  ],
  "num_batches": {
    "chemeleon": 1,
    "rdkit": 1,
    "clamp": 1
  },
  "decision_cutoff_raw": 0.35581991910969496,
  "decision_cutoff_proba": 0.31410465294892115,
  "decision_cutoff_rank": 0.5309197372179377,
  "oof_aucs": {
    "chemeleon": 0.9183302206543543,
    "rdkit": 0.9011586082866431,
    "clamp": 0.9006017846026146
  },
  "proxy_aucs": {
    "chemeleon": 0.8569274399944663,
    "rdkit": 0.8524590163934426,
    "clamp": 0.8518918171128174
  },
  "train_aucs": {
    "chemeleon": 1.0,
    "rdkit": 0.9996264785225151,
    "clamp": 0.9998201563256555
  },
  "quality_aucs": {
    "chemeleon": 0.8366604413087086,
    "rdkit": 0.8026907380507711,
    "clamp": 0.8013834128795738
  },
  "active_descriptors": {
    "chemeleon": true,
    "rdkit": true,
    "clamp": true
  },
  "ad_hard_cutoffs": {
    "chemeleon": 0.05000000074505806,
    "rdkit": 0.05000000074505806,
    "clamp": 0.05450000613927841
  },
  "rank_error_curves": {
    "chemeleon": [
      [
        0.01535518838396081,
        0.07316063528163044,
        0.1072299332537148,
        0.13944507629029573,
        0.1728551369897613,
        0.20879635448260842,
        0.24597864072505388,
        0.2779891272395633,
        0.31807274983021344,
        0.36374436767811946,
        0.4045749968174117,
        0.47281615163707,
        0.7773306780727314,
        0.8188176373940855,
        0.8471114333343361,
        0.8686488738355814,
        0.8880146898792481,
        0.9118597654946062,
        0.9426894429834186,
        0.9976163782014819
      ],
      [
        0.08031748630908203,
        0.08281594520010672,
        0.08705447487517338,
        0.0907893527859388,
        0.09855000165971657,
        0.10432734007798497,
        0.11034107801467574,
        0.1174390663679819,
        0.13313542372471887,
        0.16741779014768846,
        0.21331378296095962,
        0.2885802229105436,
        0.27881980053147276,
        0.21317401993307356,
        0.19189128949630946,
        0.1810238337484474,
        0.16824566042341255,
        0.16254944301789706,
        0.14667789728815922,
        0.13056744684252716
      ]
    ],
    "rdkit": [
      [
        0.007889180582015097,
        0.058594069739071906,
        0.09185327250184777,
        0.11726255673221343,
        0.14594847137485356,
        0.17065065130711465,
        0.2079201237261286,
        0.24856675567935718,
        0.30479234905870417,
        0.37330118249745303,
        0.4348536524011054,
        0.5421776828447278,
        0.6716491318914911,
        0.7747951290672176,
        0.8409299988045933,
        0.8837726330297873,
        0.9055577077258598,
        0.9305054436400861,
        0.9531777802311585,
        0.9873378466289333
      ],
      [
        0.07843531961282298,
        0.08625226950980955,
        0.09088252146076321,
        0.09424642122571664,
        0.09599485298191245,
        0.10016903562411145,
        0.10490694105388935,
        0.11158624173158561,
        0.1395664474357494,
        0.18897093691456845,
        0.24348830260195703,
        0.3397957908194006,
        0.40026283378795957,
        0.2760664341136934,
        0.21534785491492273,
        0.19110601308087188,
        0.18279930261749294,
        0.17344233408188922,
        0.16483028043095738,
        0.15774591727175621
      ]
    ],
    "clamp": [
      [
        0.01251679560670439,
        0.04450019495822304,
        0.0825814802566966,
        0.11273910277611195,
        0.14165382545449462,
        0.16477781332493327,
        0.19329057958894574,
        0.23289242785071812,
        0.2761388082576333,
        0.35955574946099156,
        0.419119471764256,
        0.5242948763381277,
        0.676083861460724,
        0.7850148097557175,
        0.8482473537919737,
        0.883036299283255,
        0.915475455543571,
        0.9376787221461098,
        0.9601106770191548,
        0.9928155823273845
      ],
      [
        0.07256751569764036,
        0.07640433076212443,
        0.08140757182281934,
        0.08653285464454412,
        0.09085374250982042,
        0.0963703968892648,
        0.10423194547347386,
        0.1248541482214965,
        0.14276118531491067,
        0.20513047233032042,
        0.28528798810620326,
        0.39834766917729736,
        0.4325680680859978,
        0.2861731605666345,
        0.23391094370009988,
        0.1993341076139948,
        0.17739642926243826,
        0.16267501472601184,
        0.1522109431557626,
        0.1369902517321571
      ]
    ]
  },
  "decision_cutoff_logit": -0.7809988407431693,
  "decision_cutoff_lift": 0.802254179171179
}