{
  "n_components": 14,
  "n_features_in": 217,
  "n_cal_knots": 200,
  "cal_min": 1.3666014671325684,
  "cal_max": 12.300874710083008,
  "scaler": "standard"
}