{
    "portfolio": [
        "lr",
        "xgb",
        "rf",
        "svc"
    ],
    "max_batch_size": 100000,
    "max_imbalance_ratio": 100,
    "num_batches": 1,
    "population_prior": 0.475,
    "batch_priors": [
        0.475
    ],
    "decision_cutoff_raw": 0.6243334113041346,
    "decision_cutoff_proba": 0.5460033217598451,
    "decision_cutoff_rank": 0.6302521008403361,
    "decision_cutoff_logit": 0.18453517817269888,
    "decision_cutoff_lift": 1.1494806773891477
}