{
    "portfolio": [
        "lr",
        "xgb",
        "rf",
        "svc"
    ],
    "max_batch_size": 100000,
    "max_imbalance_ratio": 100,
    "num_batches": 1,
    "population_prior": 0.46464646464646464,
    "batch_priors": [
        0.46464646464646464
    ],
    "decision_cutoff_raw": 0.47806957942744316,
    "decision_cutoff_proba": 0.4650051610690343,
    "decision_cutoff_rank": 0.518015170670038,
    "decision_cutoff_logit": -0.14020859539251343,
    "decision_cutoff_lift": 1.0007719770833563
}