{
    "portfolio": [
        "lr",
        "xgb",
        "rf",
        "svc"
    ],
    "max_batch_size": 100000,
    "max_imbalance_ratio": 100,
    "num_batches": 1,
    "population_prior": 0.46464646464646464,
    "batch_priors": [
        0.46464646464646464
    ],
    "decision_cutoff_raw": 0.45229467326603023,
    "decision_cutoff_proba": 0.44522103019814496,
    "decision_cutoff_rank": 0.5221238938053098,
    "decision_cutoff_logit": -0.2199989258859701,
    "decision_cutoff_lift": 0.9581930867307903
}