{
  "mode": "slow",
  "descriptor_types": [
    "chemeleon",
    "clamp",
    "rdkit"
  ],
  "n_compounds": 1070,
  "n_actives": 107,
  "ratio_actives": 0.1,
  "population_prior": 0.1,
  "portfolio": [
    "lr",
    "xgb",
    "rf",
    "svc"
  ],
  "num_batches": {
    "chemeleon": 1,
    "clamp": 1,
    "rdkit": 1
  },
  "decision_cutoff_raw": 0.2031192473965385,
  "decision_cutoff_proba": 0.07787441684794917,
  "decision_cutoff_rank": 0.8697640577902505,
  "oof_aucs": {
    "chemeleon": 0.9853068196154929,
    "clamp": 0.9895672596345144,
    "rdkit": 0.9885773624091381
  },
  "proxy_aucs": {
    "chemeleon": 0.969468464009472,
    "clamp": 0.9730010384215991,
    "rdkit": 0.9713706194621557
  },
  "train_aucs": {
    "chemeleon": 1.0,
    "clamp": 1.0,
    "rdkit": 1.0
  },
  "quality_aucs": {
    "chemeleon": 0.9706136392309859,
    "clamp": 0.9791345192690288,
    "rdkit": 0.9771547248182761
  },
  "active_descriptors": {
    "chemeleon": true,
    "clamp": true,
    "rdkit": true
  },
  "ad_hard_cutoffs": {
    "chemeleon": 0.052250005304813385,
    "clamp": 0.052250005304813385,
    "rdkit": 0.052250005304813385
  },
  "rank_error_curves": {
    "chemeleon": [
      [
        0.05870503918985216,
        0.13854654265250085,
        0.18767943998330902,
        0.22292006283810584,
        0.2606079361560004,
        0.29194603693751114,
        0.317770641099286,
        0.34785513563475795,
        0.37533107699145424,
        0.4033774211921318,
        0.4278452202799781,
        0.46176483194887397,
        0.5006052086359463,
        0.5343536459176801,
        0.5702017342262432,
        0.6212627828269918,
        0.703075812302919,
        0.9069392412055458,
        0.9872140613457984,
        0.9984961460115712
      ],
      [
        0.017466342980046814,
        0.017678334573873328,
        0.01798291876900788,
        0.018140938661918977,
        0.018374839847120173,
        0.018585237655905078,
        0.019042583784673602,
        0.01948551804283194,
        0.019706847302209993,
        0.020863472508585706,
        0.02131768620942834,
        0.022047738149313826,
        0.022351760716374264,
        0.022950662424745277,
        0.024695455532902175,
        0.02577359241476989,
        0.02941473551485574,
        0.19256167523305442,
        0.1595033768540874,
        0.13631070105507104
      ]
    ],
    "clamp": [
      [
        0.033203897376851144,
        0.09158154775283668,
        0.13595182626640132,
        0.1756256648845742,
        0.20879757114341163,
        0.23505431522444853,
        0.26447304901213486,
        0.29576215761649854,
        0.32859717348236817,
        0.36145048603862945,
        0.39558139184108676,
        0.4222580232411892,
        0.46142217654516576,
        0.5102758199373153,
        0.5490636244018616,
        0.601202193321931,
        0.6817461520419301,
        0.890236759457925,
        0.9741035059069415,
        0.9972272757742563
      ],
      [
        0.01717108490713616,
        0.01765862449709781,
        0.01823716801507005,
        0.018746389253600195,
        0.01883795470205741,
        0.019229470711603528,
        0.019387525744145602,
        0.01991827577040826,
        0.02024137301876611,
        0.020533233120188846,
        0.02062120715191853,
        0.021055296691158815,
        0.02135276778776854,
        0.02179829788652344,
        0.022167634519776745,
        0.022904713245118825,
        0.02573478964506344,
        0.18819029334083323,
        0.16166195110670514,
        0.14361304419961993
      ]
    ],
    "rdkit": [
      [
        0.09050886147922188,
        0.13501362089053745,
        0.17443737535079812,
        0.20568331074518598,
        0.2320569014793942,
        0.2608174769020873,
        0.2977186946461633,
        0.32644933609500226,
        0.36171673154492884,
        0.3881288797395417,
        0.4212077789283649,
        0.4584972779870373,
        0.4941307981762638,
        0.5320431277650476,
        0.5799127212595176,
        0.6393495754368024,
        0.7125121717321881,
        0.8891133335365586,
        0.9765278613711719,
        0.999323390419163
      ],
      [
        0.015164451311111604,
        0.015810128686892872,
        0.0163399090152204,
        0.016762465254567902,
        0.017275939766447465,
        0.017665041793366636,
        0.01833096221195162,
        0.018640424717627203,
        0.01921428869103089,
        0.019745454509097198,
        0.020437088795380278,
        0.020611653891133053,
        0.020907381598991453,
        0.021339121940952725,
        0.02359432895411275,
        0.025147342395390276,
        0.030308976531200404,
        0.1806523465341561,
        0.15530176878769894,
        0.13565505152032684
      ]
    ]
  },
  "decision_cutoff_logit": -2.4715839328337434,
  "decision_cutoff_lift": 0.7787441684794917
}