{
  "mode": "slow",
  "descriptor_types": [
    "chemeleon",
    "clamp",
    "rdkit"
  ],
  "n_compounds": 1070,
  "n_actives": 107,
  "ratio_actives": 0.1,
  "population_prior": 0.1,
  "portfolio": [
    "lr",
    "xgb",
    "rf",
    "svc"
  ],
  "num_batches": {
    "chemeleon": 1,
    "clamp": 1,
    "rdkit": 1
  },
  "decision_cutoff_raw": 0.24296667875734115,
  "decision_cutoff_proba": 0.08917041080928428,
  "decision_cutoff_rank": 0.8742594324914249,
  "oof_aucs": {
    "chemeleon": 0.9828126668025349,
    "clamp": 0.9874807115614173,
    "rdkit": 0.9886258867829311
  },
  "proxy_aucs": {
    "chemeleon": 0.9673042769383061,
    "clamp": 0.9725740239322211,
    "rdkit": 0.9719432070729128
  },
  "train_aucs": {
    "chemeleon": 1.0,
    "clamp": 1.0,
    "rdkit": 1.0
  },
  "quality_aucs": {
    "chemeleon": 0.9656253336050697,
    "clamp": 0.9749614231228345,
    "rdkit": 0.9772517735658621
  },
  "active_descriptors": {
    "chemeleon": true,
    "clamp": true,
    "rdkit": true
  },
  "ad_hard_cutoffs": {
    "chemeleon": 0.052250005304813385,
    "clamp": 0.052250005304813385,
    "rdkit": 0.052250005304813385
  },
  "rank_error_curves": {
    "chemeleon": [
      [
        0.057135084243644114,
        0.16381330484611678,
        0.20913120512554267,
        0.2510202153096384,
        0.27973916074996136,
        0.3047464241634842,
        0.33460168120221967,
        0.35975752359581437,
        0.39035921802064555,
        0.41941375086343485,
        0.44407956575959573,
        0.4688145506178238,
        0.5043361852805814,
        0.5457641563770615,
        0.5886360117360292,
        0.6473933812103294,
        0.728105177948546,
        0.888463153177161,
        0.9856165092106399,
        0.9985873981721669
      ],
      [
        0.01793478530888958,
        0.01832425145524045,
        0.01849740057911918,
        0.0187344956762076,
        0.018979112531809058,
        0.019511704256905318,
        0.01947402863668946,
        0.020193131256369352,
        0.021049731292231755,
        0.021101711176141714,
        0.02111221958321369,
        0.021530306366002047,
        0.02283120084289378,
        0.023309806696333507,
        0.02501689312971546,
        0.0272463342739717,
        0.03255405056385494,
        0.18613047220722834,
        0.16834397291640313,
        0.14293214516565356
      ]
    ],
    "clamp": [
      [
        0.033681392047739754,
        0.09636202218529681,
        0.13744193390740866,
        0.17157649336744782,
        0.20444317655982716,
        0.2343022682355309,
        0.2590056524901102,
        0.2936886916438291,
        0.3315694183759109,
        0.368225501993686,
        0.4045336508624775,
        0.4358313705538883,
        0.4751579092427687,
        0.5166006773516597,
        0.5634735982897211,
        0.6172282681268635,
        0.6851152864173793,
        0.8940590676196305,
        0.9749894842313667,
        0.9982967110813943
      ],
      [
        0.016923667548363778,
        0.017706476404805965,
        0.018204285434135863,
        0.01852989201947405,
        0.018830499464135956,
        0.01912887577520057,
        0.01922224501482795,
        0.019597071480572253,
        0.0200432017405284,
        0.020330122361895606,
        0.02073105919201755,
        0.021052736544678954,
        0.02128908184253325,
        0.02180064536632315,
        0.022131179263073363,
        0.023315361223219516,
        0.024566668531245534,
        0.21832315736947938,
        0.16582415457735278,
        0.14415288861230355
      ]
    ],
    "rdkit": [
      [
        0.08950086667518636,
        0.1294461828109927,
        0.16792092967728262,
        0.20099483537170637,
        0.22515574725573695,
        0.25639095363719194,
        0.2936722963476288,
        0.32477747534048423,
        0.3568724891800561,
        0.38751390460019,
        0.4168732229048462,
        0.45318316659062585,
        0.4850021761712161,
        0.5291998995801361,
        0.584240411426415,
        0.6355740016068716,
        0.7223326354739541,
        0.8872058612635614,
        0.97705199317515,
        0.9972178749427902
      ],
      [
        0.014827145434725795,
        0.015488302139925806,
        0.01583661002625569,
        0.016492872260973825,
        0.016867032574171173,
        0.017439738015130435,
        0.01775066856711295,
        0.018587986248932396,
        0.01855409687894144,
        0.018898191185840258,
        0.019748512583942408,
        0.020374273165727867,
        0.02024768485807644,
        0.021092390295367858,
        0.02405108695364583,
        0.023068638950470524,
        0.030700269594641585,
        0.18666226712431547,
        0.1627658509134723,
        0.14121651678598782
      ]
    ]
  },
  "decision_cutoff_logit": -2.3238065535251784,
  "decision_cutoff_lift": 0.8917041080928428
}