{
  "n_components": 45,
  "n_features_in": 2048,
  "n_cal_knots": 200,
  "cal_min": 2.7163541316986084,
  "cal_max": 27.713802337646484,
  "scaler": "standard"
}