{
  "n_components": 45,
  "n_features_in": 2048,
  "n_cal_knots": 200,
  "cal_min": 2.7421414852142334,
  "cal_max": 27.71475601196289,
  "scaler": "standard"
}