{
  "mode": "slow",
  "descriptor_types": [
    "chemeleon",
    "clamp"
  ],
  "n_compounds": 792,
  "n_actives": 368,
  "ratio_actives": 0.46464646464646464,
  "population_prior": 0.46464646464646464,
  "portfolio": [
    "lr",
    "xgb",
    "rf",
    "svc"
  ],
  "num_batches": {
    "chemeleon": 1,
    "clamp": 1
  },
  "decision_cutoff_raw": 0.4294573427037883,
  "decision_cutoff_proba": 0.42395257001148057,
  "decision_cutoff_rank": 0.5053729456384324,
  "oof_aucs": {
    "chemeleon": 0.8925028199343724,
    "clamp": 0.883312397456932
  },
  "proxy_aucs": {
    "chemeleon": 0.825660761894996,
    "clamp": 0.8265419913863823
  },
  "train_aucs": {
    "chemeleon": 1.0,
    "clamp": 0.9995385561936013
  },
  "quality_aucs": {
    "chemeleon": 0.7850056398687448,
    "clamp": 0.7670862387202627
  },
  "active_descriptors": {
    "chemeleon": true,
    "clamp": true
  },
  "ad_hard_cutoffs": {
    "chemeleon": 0.05274999514222145,
    "clamp": 0.05274999514222145
  },
  "rank_error_curves": {
    "chemeleon": [
      [
        0.01071163121944391,
        0.049526252623978285,
        0.08358641787160193,
        0.12717870355953387,
        0.16895493376230825,
        0.19539208152476184,
        0.23228603846617416,
        0.2786192659405877,
        0.3036490691285834,
        0.3608693787642144,
        0.4623041500384019,
        0.7182556556623212,
        0.7821959612814681,
        0.8210653440626137,
        0.8549926551952323,
        0.8789809961915572,
        0.9079634473470621,
        0.9301255400988161,
        0.9599720390006797,
        0.9995184316505474
      ],
      [
        0.08994317313839556,
        0.09578117051272078,
        0.10562423124612244,
        0.12173377499287635,
        0.13500734855702134,
        0.15181187204985663,
        0.1771487802697316,
        0.2149376161726888,
        0.23175271125289099,
        0.2940524301991578,
        0.3712267321422043,
        0.27155502064969345,
        0.2160164590046038,
        0.19147303960306652,
        0.1755834645900903,
        0.16467142678799546,
        0.1547703393167102,
        0.14321372889509137,
        0.1277551362039325,
        0.11000211069407069
      ]
    ],
    "clamp": [
      [
        0.005258936737381713,
        0.05345421907100062,
        0.08574470487028876,
        0.10148663016666294,
        0.12411191243429863,
        0.15324826139258932,
        0.18702929721093192,
        0.24379021406588297,
        0.3082104537527858,
        0.3784776008163184,
        0.5128697986822733,
        0.6877422331942658,
        0.758594200182076,
        0.8211163619046614,
        0.8552638619402694,
        0.888327845657648,
        0.9103902078392898,
        0.9312950405493203,
        0.9543158733311989,
        0.9944045265121391
      ],
      [
        0.0986691664977037,
        0.10704347610282813,
        0.11432614136252282,
        0.11813500445181956,
        0.12213787820282576,
        0.13207138306115054,
        0.1465862718387552,
        0.17990080395623517,
        0.23616690840543583,
        0.33506132437156416,
        0.46355651997614505,
        0.3485725955799437,
        0.2529468948368256,
        0.20755266384448193,
        0.18615217440431442,
        0.16712982002256166,
        0.15701394744445504,
        0.1498492083968996,
        0.13999538843404374,
        0.12778568008734972
      ]
    ]
  },
  "decision_cutoff_logit": -0.3065684152415657,
  "decision_cutoff_lift": 0.9124196615464473
}