{
  "mode": "slow",
  "descriptor_types": [
    "chemeleon",
    "clamp"
  ],
  "n_compounds": 792,
  "n_actives": 368,
  "ratio_actives": 0.46464646464646464,
  "population_prior": 0.46464646464646464,
  "portfolio": [
    "lr",
    "xgb",
    "rf",
    "svc"
  ],
  "num_batches": {
    "chemeleon": 1,
    "clamp": 1
  },
  "decision_cutoff_raw": 0.495052152743638,
  "decision_cutoff_proba": 0.47860072814717514,
  "decision_cutoff_rank": 0.5218078381795197,
  "oof_aucs": {
    "chemeleon": 0.9031737079573421,
    "clamp": 0.8998602850697293
  },
  "proxy_aucs": {
    "chemeleon": 0.8385908018867925,
    "clamp": 0.8383728978671041
  },
  "train_aucs": {
    "chemeleon": 1.0,
    "clamp": 0.9998782301066448
  },
  "quality_aucs": {
    "chemeleon": 0.8063474159146842,
    "clamp": 0.7998423400328137
  },
  "active_descriptors": {
    "chemeleon": true,
    "clamp": true
  },
  "ad_hard_cutoffs": {
    "chemeleon": 0.05274999514222145,
    "clamp": 0.05274999514222145
  },
  "rank_error_curves": {
    "chemeleon": [
      [
        0.01736549692699059,
        0.06539197506341282,
        0.09698624296509613,
        0.1397128075342379,
        0.16428158620102454,
        0.19421821482867568,
        0.2249864470022246,
        0.2662617252949628,
        0.30629237329099934,
        0.3569136532490392,
        0.4617954538839907,
        0.7184588884423802,
        0.7830833052176354,
        0.826572641651437,
        0.863608892668153,
        0.8849444790009066,
        0.9092962889713301,
        0.9307392099749893,
        0.9571040780685448,
        0.9958166426253732
      ],
      [
        0.0830892905344927,
        0.09071202140137548,
        0.10053939313228663,
        0.11677051068687212,
        0.12909450075574755,
        0.14410220769504356,
        0.1626753799225034,
        0.19101485465751977,
        0.22458813040967315,
        0.28313017431404786,
        0.36527176396983624,
        0.27786017507045674,
        0.21498095799703143,
        0.1857841484620028,
        0.16476974133741856,
        0.15573209308473646,
        0.1434413207306632,
        0.13219517183673973,
        0.11618327524551618,
        0.09879138094026463
      ]
    ],
    "clamp": [
      [
        0.00929516180425976,
        0.05566162346435518,
        0.07950518511222443,
        0.09972851309476341,
        0.11667383438122694,
        0.14533796378050903,
        0.1810512447471147,
        0.23263620469797736,
        0.2880446779449765,
        0.37141881802835225,
        0.5090518582456621,
        0.6816986088266315,
        0.767253251021274,
        0.8152421520115635,
        0.8538662707180936,
        0.8791980437078413,
        0.9032347699935677,
        0.9259010926378055,
        0.9495401064428717,
        0.9969126454815925
      ],
      [
        0.09191269704941091,
        0.09835213258228412,
        0.10349840207347832,
        0.1052541012007535,
        0.10861462170709957,
        0.1167820039726865,
        0.13129395905772315,
        0.16056364674858692,
        0.20726768014624364,
        0.3020881494044958,
        0.45572760361724435,
        0.3212355326309097,
        0.22472634432488311,
        0.1888610782885909,
        0.1674031179652367,
        0.1525554988633664,
        0.14254257271092094,
        0.13641098854132508,
        0.12816999312513067,
        0.11729965106965272
      ]
    ]
  },
  "decision_cutoff_logit": -0.08564940809142202,
  "decision_cutoff_lift": 1.030032001881964
}