{
    "portfolio": [
        "lr",
        "xgb",
        "rf",
        "svc"
    ],
    "max_batch_size": 100000,
    "max_imbalance_ratio": 100,
    "num_batches": 1,
    "population_prior": 0.45936395759717313,
    "batch_priors": [
        0.45936395759717313
    ],
    "decision_cutoff_raw": 0.5227546629443797,
    "decision_cutoff_proba": 0.49974683266364794,
    "decision_cutoff_rank": 0.5389150943396226,
    "decision_cutoff_logit": -0.0010126694319492406,
    "decision_cutoff_lift": 1.0879104126447106
}