{
    "portfolio": [
        "lr",
        "xgb",
        "rf",
        "svc"
    ],
    "max_batch_size": 100000,
    "max_imbalance_ratio": 100,
    "num_batches": 1,
    "population_prior": 0.475,
    "batch_priors": [
        0.475
    ],
    "decision_cutoff_raw": 0.5872567032926064,
    "decision_cutoff_proba": 0.5370768305761023,
    "decision_cutoff_rank": 0.6176470588235294,
    "decision_cutoff_logit": 0.1485800584258921,
    "decision_cutoff_lift": 1.1306880643707418
}