{
    "portfolio": [
        "lr",
        "xgb",
        "rf",
        "svc"
    ],
    "max_batch_size": 100000,
    "max_imbalance_ratio": 100,
    "num_batches": 1,
    "population_prior": 0.46464646464646464,
    "batch_priors": [
        0.46464646464646464
    ],
    "decision_cutoff_raw": 0.4066200121415464,
    "decision_cutoff_proba": 0.40268410982481617,
    "decision_cutoff_rank": 0.488621997471555,
    "decision_cutoff_logit": -0.39429369473496556,
    "decision_cutoff_lift": 0.8666462363621044
}