{
    "portfolio": [
        "lr",
        "xgb",
        "rf",
        "svc"
    ],
    "max_batch_size": 100000,
    "max_imbalance_ratio": 100,
    "num_batches": 1,
    "population_prior": 0.46464646464646464,
    "batch_priors": [
        0.46464646464646464
    ],
    "decision_cutoff_raw": 0.5120347260598329,
    "decision_cutoff_proba": 0.492196295225316,
    "decision_cutoff_rank": 0.5256005056890013,
    "decision_cutoff_logit": -0.031217354021326194,
    "decision_cutoff_lift": 1.0592920266805714
}