{
    "portfolio": [
        "xgb",
        "rf",
        "svc"
    ],
    "max_batch_size": 100000,
    "max_imbalance_ratio": 100,
    "num_batches": 1,
    "population_prior": 0.1,
    "batch_priors": [
        0.1
    ],
    "decision_cutoff_raw": 0.32866014179051306,
    "decision_cutoff_proba": 0.1243034719745205,
    "decision_cutoff_rank": 0.8802619270346117,
    "decision_cutoff_logit": -1.9522936713781323,
    "decision_cutoff_lift": 1.243034719745205
}