{
    "portfolio": [
        "xgb",
        "rf",
        "svc"
    ],
    "max_batch_size": 100000,
    "max_imbalance_ratio": 100,
    "num_batches": 1,
    "population_prior": 0.1,
    "batch_priors": [
        0.1
    ],
    "decision_cutoff_raw": 0.25939548824098096,
    "decision_cutoff_proba": 0.10417519700706916,
    "decision_cutoff_rank": 0.8768319301527908,
    "decision_cutoff_logit": -2.151670793058719,
    "decision_cutoff_lift": 1.0417519700706916
}