{
  "task": "classification",
  "format": "onnx",
  "preset_name": "heuristic",
  "use_linear": false,
  "n_features_in": 1377,
  "classes": [
    0,
    1
  ],
  "params": {
    "C": 0.34641,
    "class_weight": "balanced",
    "max_iter": 5000,
    "tol": 0.001,
    "random_state": 42,
    "use_linear": false,
    "kernel": "rbf",
    "gamma": "scale"
  },
  "profile": {
    "n_samples": 120,
    "n_features": 1377,
    "n_p_ratio": 0.08714596949891068,
    "sparsity": 0.4122609537642217,
    "is_sparse_counts": false,
    "binary_feature_fraction": 0.002178649237472767,
    "feature_signal_strength": 0.16268389613728515,
    "feature_signal_p90": 0.3161093481380759,
    "task": "classification",
    "imbalance_ratio": 1.105263157894737,
    "y_skewness": 0.0,
    "y_all_positive": false
  },
  "portfolio_scores": {},
  "decision_cutoff_raw": 0.6300000020475313,
  "decision_cutoff_raw_source": "oof_balanced_accuracy",
  "decision_cutoff_proba": 0.5636948502597584,
  "decision_cutoff_rank": 0.6050420168067226,
  "decision_cutoff_logit": 0.2561711761720645,
  "calibrator": {
    "method": "platt",
    "coef": 2.485960618119949,
    "intercept": -1.3099840183335856
  },
  "ranker": {
    "knots": [
      0.2595191556289872,
      0.259962064779741,
      0.26447749941631393,
      0.26495038920895286,
      0.2651226856965498,
      0.2653147068683884,
      0.2667558955136855,
      0.26682049010386294,
      0.2688739945927391,
      0.2691528882418589,
      0.2695366588463707,
      0.2711802303240097,
      0.2712882033255377,
      0.27165874254792227,
      0.27180747107148034,
      0.27397517868157006,
      0.2746960690337337,
      0.2751155720811891,
      0.27655565254854964,
      0.27741538734090815,
      0.27936931351206284,
      0.2796167604900184,
      0.2799929177727533,
      0.28540371714932505,
      0.2855353112681133,
      0.28626054022164177,
      0.28709870966671414,
      0.2889485777536433,
      0.28920861192682845,
      0.28996354827943127,
      0.2909815141128611,
      0.2911654057509179,
      0.29207990990372845,
      0.29555463149140837,
      0.2994029076573736,
      0.30094333654120703,
      0.306352948682994,
      0.3077478357243865,
      0.3078617727323578,
      0.3101001826130383,
      0.31229980863219353,
      0.31323795325534026,
      0.32066961765422664,
      0.3263748271901152,
      0.327436918881668,
      0.3284356766089516,
      0.33213633094392936,
      0.3322603539410657,
      0.33883906872688135,
      0.3408383471988129,
      0.34423398811010625,
      0.3461614806896852,
      0.3491565076672177,
      0.351051058071884,
      0.3586433326611176,
      0.3723619414567693,
      0.39569616161309307,
      0.41780067877510285,
      0.44193493011204465,
      0.4988973705065291,
      0.5138905188545896,
      0.5187559304112642,
      0.5382569909546453,
      0.5440493306106293,
      0.5442116375991131,
      0.5448401215248918,
      0.5566406224241705,
      0.5589705816281123,
      0.5736404228421043,
      0.5891392847455085,
      0.5987851684515767,
      0.5992561116206508,
      0.6300000020475313,
      0.634157032574389,
      0.6428236605498141,
      0.6503054089770373,
      0.6507617140485233,
      0.6578021462780891,
      0.6580743590734545,
      0.6594383361496574,
      0.6595661505595887,
      0.6612040473774605,
      0.6615647680038986,
      0.6665011555432793,
      0.6680716112352708,
      0.6693684616830395,
      0.6698717124516087,
      0.6725102828217173,
      0.6735121096804527,
      0.6746605460698772,
      0.6766393531733601,
      0.679323617239289,
      0.6830001120001455,
      0.6835286850938582,
      0.6837048580230486,
      0.6862329048588333,
      0.6873445963796933,
      0.6901856632325966,
      0.6910457613776977,
      0.6918690566774212,
      0.7001237082378411,
      0.7053786101433899,
      0.7058867380845595,
      0.7067678095881008,
      0.7094221494106133,
      0.7097955883428039,
      0.7099049346048886,
      0.7104890200868506,
      0.7176686358819485,
      0.7179373325733378,
      0.7185305325411805,
      0.7204258233687929,
      0.7208764279787547,
      0.7222214772897179,
      0.7251240310399711,
      0.7271263772363817,
      0.7289555557854551,
      0.7402476335196401,
      0.7414954229999728,
      0.7490354718993667
    ]
  }
}