{
  "task": "classification",
  "format": "onnx",
  "preset_name": "heuristic",
  "best_iteration": 36,
  "params": {
    "tree_method": "hist",
    "device": "cpu",
    "learning_rate": 0.1,
    "n_estimators": 2000,
    "early_stopping_rounds": 50,
    "max_depth": 3,
    "min_child_weight": 1,
    "subsample": 1.0,
    "colsample_bytree": 0.5,
    "colsample_bynode": 0.054,
    "reg_alpha": 0.3,
    "reg_lambda": 2.125,
    "gamma": 0.05,
    "max_bin": 128,
    "nthread": 64,
    "objective": "binary:logistic",
    "scale_pos_weight": 1.1053,
    "eval_metric": "auc"
  },
  "profile": {
    "n_samples": 120,
    "n_features": 1377,
    "n_p_ratio": 0.08714596949891068,
    "sparsity": 0.4122609537642217,
    "is_sparse_counts": false,
    "binary_feature_fraction": 0.002178649237472767,
    "feature_signal_strength": 0.16268389613728515,
    "feature_signal_p90": 0.3161093481380759,
    "task": "classification",
    "imbalance_ratio": 1.105263157894737,
    "y_skewness": 0.0,
    "y_all_positive": false
  },
  "portfolio_scores": {},
  "decision_cutoff_raw": 0.5879821181297302,
  "decision_cutoff_raw_source": "oof_balanced_accuracy",
  "decision_cutoff_proba": 0.534835937374088,
  "decision_cutoff_rank": 0.6218487394957983,
  "decision_cutoff_logit": 0.13956987454119715,
  "calibrator": {
    "method": "platt",
    "coef": 2.4243367783315795,
    "intercept": -1.2858967994420112
  },
  "ranker": {
    "knots": [
      0.027218623086810112,
      0.02986804023385048,
      0.0330609567463398,
      0.03652958944439888,
      0.03960351273417473,
      0.04061022773385048,
      0.04085804522037506,
      0.04654679074883461,
      0.04737652465701103,
      0.048923708498477936,
      0.061008527874946594,
      0.06371573358774185,
      0.07330668717622757,
      0.0775308832526207,
      0.08200415968894958,
      0.08598185330629349,
      0.09447992593050003,
      0.0969674214720726,
      0.10525206476449966,
      0.11328652501106262,
      0.1236470565199852,
      0.1338583528995514,
      0.13945123553276062,
      0.1412762999534607,
      0.14560124278068542,
      0.14595843851566315,
      0.16328927874565125,
      0.16670648753643036,
      0.17572413384914398,
      0.1772829294204712,
      0.2023085653781891,
      0.20505042374134064,
      0.21736368536949158,
      0.2262171059846878,
      0.22654201090335846,
      0.22723683714866638,
      0.22827202081680298,
      0.23758172988891602,
      0.23856034874916077,
      0.2440304160118103,
      0.2542279362678528,
      0.26192131638526917,
      0.2674572467803955,
      0.27476322650909424,
      0.3006608188152313,
      0.3272266089916229,
      0.3422969877719879,
      0.3438434600830078,
      0.3504018783569336,
      0.36086976528167725,
      0.36725932359695435,
      0.3779621422290802,
      0.3887254297733307,
      0.3920629918575287,
      0.4204850494861603,
      0.4354548752307892,
      0.44268321990966797,
      0.44376054406166077,
      0.44856584072113037,
      0.4529723823070526,
      0.4603935480117798,
      0.46658679842948914,
      0.4709891080856323,
      0.49205854535102844,
      0.49574241042137146,
      0.49756914377212524,
      0.5081029534339905,
      0.5179757475852966,
      0.5212278962135315,
      0.5383957624435425,
      0.5673742890357971,
      0.5690209269523621,
      0.5705130100250244,
      0.5806166529655457,
      0.5879821181297302,
      0.6282086372375488,
      0.6695205569267273,
      0.6773274540901184,
      0.6911661028862,
      0.7093510031700134,
      0.7151879072189331,
      0.7212504148483276,
      0.7229514122009277,
      0.7234287261962891,
      0.7315690517425537,
      0.734707236289978,
      0.7381314039230347,
      0.7538308501243591,
      0.7862796187400818,
      0.8061002492904663,
      0.8273411393165588,
      0.8313900828361511,
      0.8408088684082031,
      0.8432216048240662,
      0.8517465591430664,
      0.8594768047332764,
      0.8672776818275452,
      0.8716758489608765,
      0.8728799223899841,
      0.8759490251541138,
      0.8824370503425598,
      0.8870728611946106,
      0.8966444134712219,
      0.899188220500946,
      0.9100340008735657,
      0.9130147695541382,
      0.9150930643081665,
      0.929248034954071,
      0.9390585422515869,
      0.947117805480957,
      0.9473168253898621,
      0.9565750360488892,
      0.957273542881012,
      0.9576725363731384,
      0.9604007601737976,
      0.9624679684638977,
      0.9638913869857788,
      0.9646667242050171,
      0.9715948700904846,
      0.9759852886199951
    ]
  }
}